Handle,Title,Body (HTML),Vendor,Type,Tags,Published,Option1 Name,Option1 Value,Variant SKU,Variant Grams,Variant Inventory Tracker,Variant Inventory Policy,Variant Fulfillment Service,Variant Price,Variant Compare At Price,Variant Requires Shipping,Variant Taxable,Variant Weight Unit,Image Src,Image Position,Image Alt Text,SEO Title,SEO Description,Status
himalayan-sea-salt-spray-pack-of-2,Spraymax Himalayan Sea Salt Spray – Pack of 2,"<p><strong>Pack of 2 × 100 mL: ₹799 (just ₹400 per bottle, you save ₹99).</strong></p>

<p>Spraymax is a true Himalayan sea salt hair spray. It adds effortless texture, lift and natural volume without making your hair stiff, greasy or waxy. You get a matte, lightweight finish that looks styled but feels untouched.</p>

<p>Use one, keep one spare, or share with a friend. Want even more value? <a href=""/products/himalayan-sea-salt-spray-pack-of-3"">Get 3 for ₹999</a>. Free shipping across India.</p>

<h3>What it does</h3>
<ul>
  <li>Instant volume and lift</li>
  <li>Natural, matte texture and grip</li>
  <li>Flexible hold you can restyle with your fingers</li>
  <li>Lightweight finish that never feels greasy or sticky</li>
  <li>Works for all hair types</li>
</ul>

<h3>How to use</h3>
<ol>
  <li><strong>Shake</strong> well before use.</li>
  <li><strong>Spray</strong> evenly onto dry or slightly wet hair.</li>
  <li><strong>Style</strong> with your fingers for texture and volume.</li>
  <li><strong>Wait 10 minutes</strong> and feel the volume and texture for yourself.</li>
</ol>

<h3>What's not in it</h3>
<ul>
  <li>No parabens</li>
  <li>No sulfates (SLS / SLES)</li>
  <li>No silicones</li>
  <li>No phthalates</li>
  <li>No drying alcohols</li>
  <li>No heavy resins or plastic-like fixatives</li>
</ul>

<h3>Ingredients</h3>
<p>Aqua (Distilled Water), Aloe Barbadensis Leaf Juice, Sodium Chloride, Magnesium Sulfate, Glycerin, Pullulan, Hydrolyzed Rice Protein, Coco-Glucoside, Xanthan Gum, Benzyl Alcohol (and) Salicylic Acid (and) Glycerin (and) Sorbic Acid, Parfum (Gooseberry/Amla), Citric Acid.</p>

<h3>FAQs</h3>

<details>
  <summary><strong>Will it dry out my hair?</strong></summary>
  <p>Spraymax has no drying alcohols and no sulfates, and it contains aloe vera, glycerin and rice protein. It's made to be safe for daily use. If your hair is naturally very dry, use a light conditioner on wash days.</p>
</details>

<details>
  <summary><strong>Can I use it every day?</strong></summary>
  <p>Yes. It's lightweight and washes out with normal shampoo.</p>
</details>

<details>
  <summary><strong>Will it make my hair sticky or greasy?</strong></summary>
  <p>No. It dries to a matte, touchable finish. If it ever feels heavy, you've used too much. Start with a few sprays and add more if needed.</p>
</details>

<details>
  <summary><strong>The spray feels blocked. What do I do?</strong></summary>
  <p>Sea salt can dry inside the nozzle. Pull off the spray head, run it under warm water for 30 seconds, and put it back. Shake well before every use. Still having trouble? Contact us and we'll help.</p>
</details>

<details>
  <summary><strong>How long does delivery take?</strong></summary>
  <p>Orders are processed within 1–3 business days and delivered within 7–14 business days of dispatch. Shipping is free across India.</p>
</details>

<details>
  <summary><strong>Is Cash on Delivery available?</strong></summary>
  <p>No, we're prepaid only. You can pay securely at checkout with UPI, cards, net banking or wallets.</p>
</details>

<details>
  <summary><strong>How long does it last before expiring?</strong></summary>
  <p>Best before 24 months from the date of manufacture. Store in a cool, dry place away from heat and direct sunlight.</p>
</details>

<h3>Caution</h3>
<p>For external use only. Avoid contact with eyes. Keep away from heat and direct sunlight. Store in a cool, dry place.</p>

<h3>Product details</h3>
<ul>
  <li>Net quantity: 2 × 100 mL (200 mL)</li>
  <li>MRP: ₹1,200 (incl. of all taxes)</li>
  <li>Shelf life: best before 24 months from date of manufacture</li>
  <li>Manufactured by: UPP Cosmetic Division, B-161, DDA Sheds, Okhla Industrial Area Phase-1, Delhi-110020</li>
  <li>Marketed by: Spraymax</li>
  <li>Country of origin: India</li>
</ul>
",Spraymax,Hair Styling Spray,"sea salt spray, hair volume, bundle",TRUE,Title,Default Title,SM-SSS-100-2,400,,deny,manual,799,1200,TRUE,TRUE,g,https://cdn.shopify.com/s/files/1/0799/0847/1020/files/IMG-20260207-WA0017.jpg?v=1770455755,1,Spraymax Himalayan sea salt spray pack of 2,Sea Salt Spray Pack of 2 (2 × 100 mL) | Spraymax,"Get 2 Spraymax Himalayan sea salt sprays for ₹799, ₹400 per bottle. Instant hair volume and matte texture. Free shipping across India.",draft
himalayan-sea-salt-spray-pack-of-2,,,,,,,,,,,,,,,,,,,https://cdn.shopify.com/s/files/1/0799/0847/1020/files/IMG-20260207-WA0022.jpg?v=1770455755,2,Spraymax Himalayan sea salt spray pack of 2,,,
himalayan-sea-salt-spray-pack-of-2,,,,,,,,,,,,,,,,,,,https://cdn.shopify.com/s/files/1/0799/0847/1020/files/IMG-20260207-WA0021.jpg?v=1770455755,3,Spraymax Himalayan sea salt spray pack of 2,,,
himalayan-sea-salt-spray-pack-of-2,,,,,,,,,,,,,,,,,,,https://cdn.shopify.com/s/files/1/0799/0847/1020/files/IMG-20260207-WA0020.jpg?v=1770455755,4,Spraymax Himalayan sea salt spray pack of 2,,,
himalayan-sea-salt-spray-pack-of-3,Spraymax Himalayan Sea Salt Spray – Pack of 3,"<p><strong>Pack of 3 × 100 mL: ₹999 (just ₹333 per bottle, you save ₹348).</strong></p>

<p>Spraymax is a true Himalayan sea salt hair spray. It adds effortless texture, lift and natural volume without making your hair stiff, greasy or waxy. You get a matte, lightweight finish that looks styled but feels untouched.</p>

<p>Our best value pack. Enough to keep you stocked up for months, or to split with friends. Free shipping across India.</p>

<h3>What it does</h3>
<ul>
  <li>Instant volume and lift</li>
  <li>Natural, matte texture and grip</li>
  <li>Flexible hold you can restyle with your fingers</li>
  <li>Lightweight finish that never feels greasy or sticky</li>
  <li>Works for all hair types</li>
</ul>

<h3>How to use</h3>
<ol>
  <li><strong>Shake</strong> well before use.</li>
  <li><strong>Spray</strong> evenly onto dry or slightly wet hair.</li>
  <li><strong>Style</strong> with your fingers for texture and volume.</li>
  <li><strong>Wait 10 minutes</strong> and feel the volume and texture for yourself.</li>
</ol>

<h3>What's not in it</h3>
<ul>
  <li>No parabens</li>
  <li>No sulfates (SLS / SLES)</li>
  <li>No silicones</li>
  <li>No phthalates</li>
  <li>No drying alcohols</li>
  <li>No heavy resins or plastic-like fixatives</li>
</ul>

<h3>Ingredients</h3>
<p>Aqua (Distilled Water), Aloe Barbadensis Leaf Juice, Sodium Chloride, Magnesium Sulfate, Glycerin, Pullulan, Hydrolyzed Rice Protein, Coco-Glucoside, Xanthan Gum, Benzyl Alcohol (and) Salicylic Acid (and) Glycerin (and) Sorbic Acid, Parfum (Gooseberry/Amla), Citric Acid.</p>

<h3>FAQs</h3>

<details>
  <summary><strong>Will it dry out my hair?</strong></summary>
  <p>Spraymax has no drying alcohols and no sulfates, and it contains aloe vera, glycerin and rice protein. It's made to be safe for daily use. If your hair is naturally very dry, use a light conditioner on wash days.</p>
</details>

<details>
  <summary><strong>Can I use it every day?</strong></summary>
  <p>Yes. It's lightweight and washes out with normal shampoo.</p>
</details>

<details>
  <summary><strong>Will it make my hair sticky or greasy?</strong></summary>
  <p>No. It dries to a matte, touchable finish. If it ever feels heavy, you've used too much. Start with a few sprays and add more if needed.</p>
</details>

<details>
  <summary><strong>The spray feels blocked. What do I do?</strong></summary>
  <p>Sea salt can dry inside the nozzle. Pull off the spray head, run it under warm water for 30 seconds, and put it back. Shake well before every use. Still having trouble? Contact us and we'll help.</p>
</details>

<details>
  <summary><strong>How long does delivery take?</strong></summary>
  <p>Orders are processed within 1–3 business days and delivered within 7–14 business days of dispatch. Shipping is free across India.</p>
</details>

<details>
  <summary><strong>Is Cash on Delivery available?</strong></summary>
  <p>No, we're prepaid only. You can pay securely at checkout with UPI, cards, net banking or wallets.</p>
</details>

<details>
  <summary><strong>How long does it last before expiring?</strong></summary>
  <p>Best before 24 months from the date of manufacture. Store in a cool, dry place away from heat and direct sunlight.</p>
</details>

<h3>Caution</h3>
<p>For external use only. Avoid contact with eyes. Keep away from heat and direct sunlight. Store in a cool, dry place.</p>

<h3>Product details</h3>
<ul>
  <li>Net quantity: 3 × 100 mL (300 mL)</li>
  <li>MRP: ₹1,800 (incl. of all taxes)</li>
  <li>Shelf life: best before 24 months from date of manufacture</li>
  <li>Manufactured by: UPP Cosmetic Division, B-161, DDA Sheds, Okhla Industrial Area Phase-1, Delhi-110020</li>
  <li>Marketed by: Spraymax</li>
  <li>Country of origin: India</li>
</ul>
",Spraymax,Hair Styling Spray,"sea salt spray, hair volume, bundle, best value",TRUE,Title,Default Title,SM-SSS-100-3,600,,deny,manual,999,1800,TRUE,TRUE,g,https://cdn.shopify.com/s/files/1/0799/0847/1020/files/IMG-20260207-WA0017.jpg?v=1770455755,1,Spraymax Himalayan sea salt spray pack of 3,Sea Salt Spray Pack of 3 (3 × 100 mL) | Spraymax,"Our best value pack: 3 Spraymax Himalayan sea salt sprays for ₹999, just ₹333 per bottle. Save ₹348. Free shipping across India.",draft
himalayan-sea-salt-spray-pack-of-3,,,,,,,,,,,,,,,,,,,https://cdn.shopify.com/s/files/1/0799/0847/1020/files/IMG-20260207-WA0022.jpg?v=1770455755,2,Spraymax Himalayan sea salt spray pack of 3,,,
himalayan-sea-salt-spray-pack-of-3,,,,,,,,,,,,,,,,,,,https://cdn.shopify.com/s/files/1/0799/0847/1020/files/IMG-20260207-WA0021.jpg?v=1770455755,3,Spraymax Himalayan sea salt spray pack of 3,,,
himalayan-sea-salt-spray-pack-of-3,,,,,,,,,,,,,,,,,,,https://cdn.shopify.com/s/files/1/0799/0847/1020/files/IMG-20260207-WA0020.jpg?v=1770455755,4,Spraymax Himalayan sea salt spray pack of 3,,,
